linea,linea_n,forma
Aquí me pongo a cantar,0,A
"Al compás de la vigüela,",1,B
Que el hombre que lo desvela,2,B
Una pena estraordinaria,3,C
Como la ave solitaria,4,C
Con el cantar se consuela.,5,B
Pido a los Santos del Cielo,0,A
Que ayuden mi pensamiento;,1,B
Les pido en este momento,2,B
Que voy a cantar mi historia,3,C
Me refresquen la memoria,4,C
Y aclaren mi entendimiento.,5,B
"Vengan Santos milagrosos,",0,A
"Vengan todos en mi ayuda,",1,B
Que la lengua se me añuda,2,B
Y se me turba la vista;,3,C
Pido a Dios que me asista,4,C
En una ocasión tan ruda.,5,B
"Yo he visto muchos cantores,",0,A
"Con famas bien obtenidas,",1,B
Y que después de adquiridas,2,B
No las quieren sustentar,3,C
Parece que sin largar,4,C
se cansaron en partidas,5,B
Mas ande otro criollo pasa,0,A
Martín Fierro ha de pasar;,1,B
nada lo hace recular,2,B
"ni los fantasmas lo espantan,",3,C
y dende que todos cantan,4,C
yo también quiero cantar.,5,B
Cantando me he de morir,0,A
"Cantando me han de enterrar,",1,B
Y cantando he de llegar,2,B
Al pie del eterno padre:,3,C
Dende el vientre de mi madre,4,C
Vine a este mundo a cantar.,5,B
Que no se trabe mi lengua,0,A
Ni me falte la palabra:,1,B
El cantar mi gloria labra,2,B
"Y poniéndome a cantar,",3,C
Cantando me han de encontrar,4,C
Aunque la tierra se abra.,5,B
Me siento en el plan de un bajo,0,A
A cantar un argumento:,1,B
Como si soplara el viento,2,B
Hago tiritar los pastos;,3,C
"Con oros, copas y bastos",4,C
Juega allí mi pensamiento.,5,B
"Yo no soy cantor letrao,",0,A
Mas si me pongo a cantar,1,B
No tengo cuándo acabar,2,B
Y me envejezco cantando:,3,C
Las coplas me van brotando,4,C
Como agua de manantial.,5,B
Con la guitarra en la mano,0,A
"Ni las moscas se me arriman,",1,B
"Naides me pone el pie encima,",2,B
"Y cuando el pecho se entona,",3,C
Hago gemir a la prima,4,C
Y llorar a la bordona.,5,B
Yo soy toro en mi rodeo,0,A
Y torazo en rodeo ajeno;,1,B
Siempre me tuve por güeno,2,B
"Y si me quieren probar,",3,C
Salgan otros a cantar,4,C
Y veremos quién es menos.,5,B
No me hago al lao de la güeya,0,A
"Aunque vengan degollando,",1,B
Con los blandos yo soy blando,2,B
"Y soy duro con los duros,",3,C
Y ninguno en un apuro,4,C
Me ha visto andar tutubiando.,5,B
"En el peligro, ¡qué Cristos!",0,A
"El corazón se me enancha,",1,B
"Pues toda la tierra es cancha,",2,B
Y de eso naides se asombre:,3,C
El que se tiene por hombre,4,C
Ande quiere hace pata ancha.,5,B
"Soy gaucho, y entiendaló",0,A
Como mi lengua lo esplica:,1,B
Para mí la tierra es chica,2,B
Y pudiera ser mayor;,3,C
Ni la víbora me pica,4,C
Ni quema mi frente el sol,5,B
Nací como nace el peje,0,A
En el fondo de la mar;,1,B
Naides me puede quitar,2,B
Aquello que Dios me dio,3,C
Lo que al mundo truje yo,4,C
Del mundo lo he de llevar.,5,B
Mi gloria es vivir tan libre,0,A
Como el pájaro del cielo:,1,B
No hago nido en este suelo,2,B
"Ande hay tanto que sufrir,",3,C
Y naides me ha de seguir,4,C
Cuando yo remuento el vuelo.,5,B
Yo no tengo en el amor,0,A
Quien me venga con querellas;,1,B
Como esas aves tan bellas,2,B
"Que saltan de rama en rama,",3,C
"Yo hago en el trébol mi cama,",4,C
Y me cubren las estrellas.,5,B
Y sepan cuantos escuchan,0,A
"De mis penas el relato,",1,B
Que nunca peleo ni mato,2,B
"Sino por necesidá,",3,C
Y que a tanta alversidá,4,C
Sólo me arrojó el mal trato,5,B
Y atiendan la relación,0,A
"que hace un gaucho perseguido,",1,B
que padre y marido ha sido,2,B
"empeñoso y diligente,",3,C
y sin embargo la gente,4,C
lo tiene por un bandido,5,B
"Ninguno me hable de penas,",0,A
"porque yo penado vivo,",1,B
y naides se muestre altivo,2,B
aunque en el estribo esté:,3,C
que suele quedarse a pie,4,C
el gaucho mas alvertido.,5,B
Junta esperencia en la vida,0,A
hasta pa dar y prestar,1,B
quien la tiene que pasar,2,B
"entre sufrimiento y llanto,",3,C
porque nada enseña tanto,4,C
como el sufrir y el llorar.,5,B
"Viene el hombre ciego al mundo,",0,A
"cuartiándolo la esperanza,",1,B
y a poco andar ya lo alcanzan,2,B
"las desgracias a empujones,",3,C
"¡la pucha, que trae liciones",4,C
el tiempo con sus mudanzas!,5,B
Yo he conocido esta tierra,0,A
en que el paisano vivía,1,B
y su ranchito tenía,2,B
y sus hijos y mujer...,3,C
era una delicia el ver,4,C
como pasaba sus días.,5,B
Entonces... cuando el lucero,0,A
"brillaba en el cielo santo,",1,B
y los gallos con su canto,2,B
"nos decían que el día llegaba,",3,C
a la cocina rumbiaba,4,C
el gaucho... que un encanto.,5,B
Y sentao junto al jogón,0,A
"a esperar que venga el día,",1,B
al cimarrón le prendía,2,B
"hasta ponerse rechoncho,",3,C
mientras su china dormía,4,C
tapadita con su poncho.,5,B
Y apenas la madrugada,0,A
"empezaba coloriar,",1,B
"los pájaros a cantar,",2,B
"y las gallinas a apiarse,",3,C
era cosa de largarse,4,C
cada cual a trabajar.,5,B
"Este se ata las espuelas,",0,A
"se sale el otro cantando,",1,B
"uno busca un pellón blando,",2,B
"este un lazo, otro un rebenque,",3,C
y los pingos relinchando,4,C
los llaman dende el palenque.,5,B
El que era pion domador,0,A
"enderezaba al corral,",1,B
ande estaba el animal,2,B
bufidos que se las pela...,3,C
"y más malo que su agüela,",4,C
se hacia astillas el bagual.,5,B
"Y allí el gaucho inteligente,",0,A
"en cuanto el potro enriendó,",1,B
los cueros le acomodó,2,B
"y se le sentó en seguida,",3,C
que el hombre muestra en la vida,4,C
la astucia que Dios le dio.,5,B
Y en las playas corcoviando,0,A
pedazos se hacía el sotreta,1,B
mientras él por las paletas,2,B
"le jugaba las lloronas,",3,C
y al ruido de las caronas,4,C
salía haciendo gambetas.,5,B
"¡Ah, tiempos!... ¡Si era un orgullo",0,A
ver jinetear un paisano!,1,B
"Cuando era gaucho baquiano,",2,B
"aunque el potro se boliase,",3,C
no había uno que no parese,4,C
con el cabresto en la mano.,5,B
"Y mientras domaban unos,",0,A
otros al campo salían,1,B
"y la hacienda recogían,",2,B
"las manadas repuntaban,",3,C
y ansí sin sentir pasaban,4,C
entretenidos el día.,5,B
Y verlos al cair la tarde,0,A
"en la cocina riunidos,",1,B
con el juego bien prendido,2,B
"y mil cosas que contar,",3,C
platicar muy divertidos,4,C
hasta después de cenar.,5,B
Y con el buche bien lleno,0,A
era cosa superior,1,B
irse en brazos del amor,2,B
"a dormir como la gente,",3,C
pa empezar el día siguiente,4,C
las fainas del día anterior.,5,B
Ricuerdo ¡qué maravilla!,0,A
Cómo andaba la gauchada,1,B
siempre alegre y bien montada,2,B
y dispuesta pa el trabajo...,3,C
pero hoy en día... ¡barajo!,4,C
No se la ve de aporriada.,5,B
El gaucho más infeliz,0,A
"tenía tropilla de un pelo,",1,B
no le faltaba un consuelo,2,B
y andaba la gente lista...,3,C
"teniendo al campo la vista,",4,C
sólo vía hacienda y cielo.,5,B
"Cuando llegaban las yerras,",0,A
¡cosa que daba calor!,1,B
Tanto gaucho pialador,2,B
y tironiador sin yel.,3,C
"¡Ah, tiempos... pero si en él",4,C
se ha visto tanto primor!,5,B
"Aquello no era trabajo,",0,A
"mas bien era una junción,",1,B
y después de un güen tirón,2,B
"en que uno se daba mana,",3,C
pa darle un trago de cana,4,C
solía llamarlo el patrón.,5,B
Pues vivía la mamajuana,0,A
"siempre bajo la carreta,",1,B
"y aquel que no era chancleta,",2,B
"en cuanto el goyete vía,",3,C
sin miedo se le prendía,4,C
como güérfano a la teta.,5,B
¡Y qué jugadas se armaban,0,A
cuando estábamos riunidos!,1,B
"Siempre íbamos prevenidos,",2,B
pues en tales ocasiones,3,C
a ayudarle a los piones,4,C
caiban muchos comedidos.,5,B
Eran los días del apuro,0,A
"y alboroto pa el hembraje,",1,B
pa preparar los potajes,2,B
"y osequiar bien a la gente,",3,C
"y así, pues, muy grandemente,",4,C
pasaba siempre el gauchaje.,5,B
"Vení, a la carne con cuero,",0,A
"la sabrosa carbonada,",1,B
"mazamorra pien pisada,",2,B
los pasteles y el güen vino...,3,C
pero ha querido el destino,4,C
que todo aquello acabara.,5,B
Estaba el gaucho en su pago,0,A
"con toda siguridá,",1,B
"pero aura... ¡barbaridá!,",2,B
"La cosa anda tan fruncida,",3,C
que gasta el pobre la vida,4,C
en juir de la autoridá.,5,B
Pues si usté pisa en su rancho,0,A
"y si el alcalde lo sabe,",1,B
lo caza lo mesmo que ave,2,B
aunque su mujer aborte...,3,C
¡no hay tiempo que no se acabe,4,C
ni tiento que no se corte!.,5,B
Y al punto dese por muerto,0,A
"si el alcalde lo bolea,",1,B
pues ahí nomás se le apea,2,B
con una felpa de palos;,3,C
Y después dicen que es malo,4,C
el gaucho si los pelea.,5,B
"Y el lomo le hinchan a golpes,",0,A
"y le rompen la cabeza,",1,B
"y luego con ligereza,",2,B
"ansí lastimao y todo,",3,C
lo amarran codo a codo,4,C
y pa el cepo lo enderiezan.,5,B
"Áhi comienzan sus desgracias,",0,A
"áhi principia el pericón,",1,B
"porque ya no hay salvación,",2,B
"y que usté quiera o no quiera,",3,C
lo mandan a la frontera,4,C
o lo echan a un batallón.,5,B
Ansí empezaron mis males,0,A
lo mesmo que los de tantos;,1,B
si gustan... en otros cantos,2,B
"les diré lo que he sufrido,",3,C
después que uno está... perdido,4,C
no lo salvan ni los santos.,5,B
tuve en mi pago en un tiempo,0,A
"hijos, hacienda y mujer,",1,B
"pero empecé a padecer,",2,B
"me echaron a la frontera,",3,C
¡y qué iba a hallar al volver!,4,C
Tan sólo hallé la tapera.,5,B
Sosegao vivía en mi rancho,0,A
"como el pájaro en su nido,",1,B
allí mis hijos queridos,2,B
iban creciendo a mi lao...,3,C
sólo queda al desgraciao,4,C
lamentar el bien perdido.,5,B
Mi gala en las pulperías,0,A
"era, en habiendo más gente,",1,B
"ponerme medio caliente,",2,B
pues cuando puntiao me encuentro,3,C
me salen coplas de adentro,4,C
como agua de la virtiente.,5,B
Cantando estaba una vez,0,A
"en una gran diversión,",1,B
y aprovecho la ocasión,2,B
como quiso el juez de paz...,3,C
"se presentó, y ahi nomás",4,C
hizo arriada en montón.,5,B
Juyeron los más matreros,0,A
y lograron escapar:,1,B
"yo no quise disparar,",2,B
"soy manso y no había porqué,",3,C
muy tranquilo me quedé,4,C
y ansí me dejé agarrar,5,B
allí un gringo con un órgano,0,A
"y una mona que bailaba,",1,B
"haciéndonos rair estaba,",2,B
"cuanto le tocó el arreo,",3,C
"¡tan grande el gringo y tan feo,",4,C
lo viera cómo lloraba!.,5,B
Hasta un inglés zanjiador,0,A
que decía en la última guerra,1,B
que él era de incalaperra,2,B
"y que no quería servir,",3,C
también tuvo que juir,4,C
a guarecerse en la sierra.,5,B
Ni los mirones salvaron,0,A
"de esa arriada de mi flor,",1,B
fue acoyarao el cantor,2,B
"con el gringo de la mona,",3,C
"a uno solo, por favor,",4,C
logró salvar la patrona.,5,B
Formaron un contingente,0,A
"con los que del baile arriaron,",1,B
"con otros nos mesturaron,",2,B
"que habían agarrao también,",3,C
las cosas que aquí se ven,4,C
ni los diablos las pensaron.,5,B
A mí el juez me tomó entre ojos,0,A
en la ultima votación:,1,B
me le había hecho el remolón,2,B
"y no me arrimé ese día,",3,C
y él dijo que yo servía,4,C
a los de la esposición.,5,B
Y ansí sufrí ese castigo,0,A
"tal vez por culpas ajenas,",1,B
que sean malas o sean güenas,2,B
"las listas, siempre me escondo:",3,C
yo soy un gaucho redondo,4,C
y esas cosas no me enllenan.,5,B
Al mandarnos nos hicieron,0,A
"más promesas que a un altar,",1,B
el juez nos jue a proclamar,2,B
y nos dijo muchas veces:,3,C
"muchachos, a los seis meses",4,C
los van a ir a relevar.,5,B
Yo llevé un moro de número,0,A
¡sobresaliente el matucho!,1,B
Con él gané en ayacucho,2,B
más plata que agua bendita:,3,C
siempre el gaucho necesita,4,C
un pingo pa fiarle un pucho.,5,B
Y cargué sin dar mas güeltas,0,A
con las prendas que tenía:,1,B
"jergas, ponchos, todo cuanto había",2,B
"en casa, tuito lo alcé:",3,C
a mi china la dejé,4,C
medio desnuda ese día.,5,B
"No me falta una guasca,",0,A
"esa ocasión eché el resto,",1,B
"bozal, maniador, cabresto,",2,B
"lazo, bolas y manea...",3,C
¡el que hoy tan pobre me vea,4,C
tal vez no creerá todo esto!.,5,B
"Ansí en mi moro, escarciando,",0,A
enderecé a la frontera.,1,B
¡Aparcero si usté viera,2,B
lo que se llama cantón!...,3,C
Ni envidia tengo al ratón,4,C
en aquella ratonera.,5,B
De los pobres que allí había,0,A
"a ninguno lo largaron,",1,B
"los más viejos rezongaron,",2,B
pero a uno que se quejó,3,C
"en seguida lo estaquiaron,",4,C
y la cosa se acabó.,5,B
En la lista de la tarde,0,A
el jefe nos cantó el punto,1,B
diciendo: quinientos juntos,2,B
llevará el que se resierte;,3,C
"lo haremos pitar del juerte,",4,C
mas bien dese por dijunto.,5,B
"A naides le dieron armas,",0,A
pues toditas las que había,1,B
"el coronel las tenía,",2,B
"sigún dijo esa ocasión,",3,C
pa repartirlas el día,4,C
en que hubiera una invasión.,5,B
Al principio nos dejaron,0,A
"de haraganes criando sebo,",1,B
pero después... no me atrevo,2,B
a decir lo que pasaba...,3,C
¡barajo!... Si nos trataban,4,C
como se trata a malevos.,5,B
Porque todo era jugarle,0,A
"por los lomos con la espada,",1,B
"y aunque usté no hiciera nada,",2,B
"lo mesmito que en palermo,",3,C
le daban cada cepiada,4,C
que lo dejaban enfermo.,5,B
"¡Y qué indios, ni qué servicio;",0,A
si allí no había ni cuartel!,1,B
Nos mandaba el coronel,2,B
"a trabajar en sus chacras,",3,C
y dejábamos las vacas,4,C
que las llevara el infiel.,5,B
Yo primero sembré trigo,0,A
"y después hice un corral,",1,B
"corté adobe pa un tapial,",2,B
"hice un quincho, corté paja...",3,C
¡la pucha que se trabaja,4,C
sin que le larguen un rial!.,5,B
Y es lo pior de aquel enriedo,0,A
que si uno anda hinchando el lomo,1,B
se le apean como un plomo...,2,B
¡quién aguanta aquel infierno!,3,C
"si eso es servir al gobierno,",4,C
a mí no me gusta el cómo.,5,B
Más de un año nos tuvieron,0,A
en esos trabajos duros;,1,B
"y los indios, le asiguro",2,B
dentraban cuando querían:,3,C
"como no los perseguían,",4,C
siempre andaban sin apuro.,5,B
A veces decía al volver,0,A
del campo la descubierta,1,B
"que estuviéramos alerta,",2,B
"que andaba adentro la indiada,",3,C
porque había una rastrillada,4,C
o estaba una yegua muerta.,5,B
Recién entonces salía,0,A
"la orden de hacer la riunión,",1,B
y caíbamos al cantón,2,B
"en pelos y hasta enancaos,",3,C
"sin armas, cuatro pelaos",4,C
que íbamos a hacer jabón.,5,B
Ahi empezaba el afán,0,A
"-se entiende, de puro vicio-",1,B
de enseñarle el ejercicio,2,B
"a tanto gaucho recluta,",3,C
con un estrutor... ¡qué... Bruta!,4,C
que nunca sabía su oficio.,5,B
Daban entonces las armas,0,A
"pa defender los cantones,",1,B
que eran lanzas y latones,2,B
con ataduras de tiento...,3,C
las de juego no las cuento,4,C
porque no había municiones.,5,B
Y un sargento chamuscao,0,A
me contó que las tenían,1,B
pero que ellos la vendían,2,B
para cazar avestruces;,3,C
y así andaban noche y día,4,C
dele bala a los ñanduces.,5,B
Y cuando se iban los indios,0,A
"con lo que habían manotiao,",1,B
salíamos muy apuraos,2,B
a perseguirlos de atrás;,3,C
si no se llevaban más,4,C
es porque no habían hallao.,5,B
"Allí sí, se ven desgracias",0,A
y lágrimas y afliciones;,1,B
naides le pida perdones,2,B
"al indio: pues donde dentra,",3,C
roba y mata cuanto encuentra,4,C
y quema las poblaciones.,5,B
No salvan de su juror,0,A
ni los pobres angelitos;,1,B
"viejos, mozos y chiquitos",2,B
los mata del mesmo modo:,3,C
que el indio lo arregla todo,4,C
con la lanza y con gritos.,5,B
Tiemblan las carnes al verlo,0,A
"volando al viento la cerda,",1,B
la rienda en la mano izquierda,2,B
y la lanza en la derecha;,3,C
ande enderieza abre brecha,4,C
pues no hay lanzazo que pierda.,5,B
Hace trotiadas tremendas,0,A
desde el fondo del desierto;,1,B
ansí llega medio muerto,2,B
"de hambre, de sé y de fatiga;",3,C
pero el indio es una hormiga,4,C
que día y noche está despierto.,5,B
Sabe manejar las bolas,0,A
como naides las maneja;,1,B
"cuanto el contrario se aleja,",2,B
"manda una bola perdida,",3,C
"y si lo alcanza, sin vida",4,C
es siguro que lo deja.,5,B
Y el indio es como tortuga,0,A
de duro para espichar;,1,B
si lo llega a destripar,2,B
ni siquiera se le encoge;,3,C
"luego sus tripas recoge,",4,C
y se agacha a disparar.,5,B
Hacían el robo a su gusto,0,A
y después se iban de arriba;,1,B
"se llevaban las cautivas,",2,B
y nos contaban que a veces,3,C
"les descarnaban los pieses,",4,C
"a las pobrecitas, vivas.",5,B
¡Ah! ¡si partía el corazón,0,A
"ver tantos males, canejo!",1,B
los perseguíamos de lejos,2,B
sin poder ni galopiar;,3,C
¡y qué habíamos de alcanzar,4,C
en unos vichocos viejos!,5,B
Nos volvíamos al cantón,0,A
"a las dos o tres jornadas,",1,B
sembrando las caballadas;,2,B
"y pa que alguno la venda,",3,C
rejuntábamos la hacienda,4,C
que habían dejao rezagada.,5,B
"Una vez entre otras muchas,",0,A
"tanto salir al botón,",1,B
nos pegaron un malón,2,B
"los indios y una lanciada,",3,C
que la gente acobardada,4,C
quedó dende esa ocasión.,5,B
Habían estao escondidos,0,A
aguaitando atrás de un cerro...,1,B
¡lo viera a su amigo Fierro,2,B
aflojar como un blandito!,3,C
salieron como maíz frito,4,C
en cuanto sonó un cencerro.,5,B
Al punto nos dispusimos,0,A
aunque ellos eran bastantes;,1,B
la formamos al instante,2,B
"nuestra gente, que era poca,",3,C
y golpiándose en la boca,4,C
hicieron fila adelante.,5,B
Se vinieron en tropel,0,A
haciendo temblar la tierra.,1,B
no soy manco pa la guerra,2,B
"pero tuve mi jabón,",3,C
pues iba en un redomón,4,C
que había boleao en la sierra.,5,B
¡Qué vocerío! ¡qué barullo!,0,A
¡qué apurar esa carrera!,1,B
la indiada todita entera,2,B
"dando alaridos cargó,",3,C
¡jue pucha!... Y ya nos sacó,4,C
como yeguada matrera.,5,B
¡Qué fletes traiban los bárbaros!,0,A
¡como una luz de ligeros!,1,B
hicieron el entrevero,2,B
"y en aquella mezcolanza,",3,C
"este quiero, éste no quiero,",4,C
nos escogían con la lanza.,5,B
"Al que le daban un chuzazo,",0,A
dificultoso es que sane.,1,B
"en fin, para no echar panes,",2,B
"salimos por esas lomas,",3,C
lo mesmo que las palomas,4,C
al juir de los gavilanes.,5,B
¡Es de almirar la destreza,0,A
con que la lanza manejan!,1,B
"de perseguir nunca dejan,",2,B
y nos traiban apretaos.,3,C
"¡si queríamos, de apuraos,",4,C
salirnos por las orejas!,5,B
Y pa mejor de la fiesta,0,A
"en esa aflición tan suma,",1,B
"vino un indio echando espuma,",2,B
"y con la lanza en la mano,",3,C
"gritando: acabáu cristiano,",4,C
metau el lanza hasta el pluma.,5,B
"Tendido en el costillar,",0,A
cimbrando por sobre el brazo,1,B
"una lanza como un lazo,",2,B
me atropelló dando gritos:,3,C
si me descuido... El maldito,4,C
me levanta de un lanzazo.,5,B
"Si me atribulo o me encojo,",0,A
siguro que no me escapo:,1,B
"siempre he sido medio guapo,",2,B
pero en aquella ocasión,3,C
me hacía buya el corazón,4,C
como la garganta al sapo.,5,B
Dios le perdone al salvaje,0,A
las ganas que me tenía...,1,B
desaté las tres marías,2,B
y lo engatusé a cabriolas...,3,C
¡pucha...! Si no traigo bolas,4,C
me achura el indio ese día.,5,B
"Era el hijo de un cacique,",0,A
sigún yo lo averigüé;,1,B
la verdá del caso jue,2,B
"que me tuvo apuradazo,",3,C
hasta que por fin de un bolazo,4,C
del caballo lo bajé.,5,B
Ahi no más me tiré al suelo,0,A
y lo pisé en las paletas;,1,B
empezó a hacer morisquetas,2,B
y a mezquinar la garganta...,3,C
pero yo hice la obra santa,4,C
de hacerlo estirar la jeta.,5,B
Allí quedó de mojón,0,A
y en su caballo salté;,1,B
"de la indiada disparé,",2,B
"pues si me alcanza me mata,",3,C
"y al fin me les escapé,",4,C
con el hilo de una pata.,5,B
"seguiré esta relación,",0,A
aunque pa chorizo es largo:,1,B
el que pueda hágase cargo,2,B
"cómo andaría de matrero,",3,C
después de salvar el cuero,4,C
de aquel trance tan amargo.,5,B
"Del sueldo nada les cuento,",0,A
porque andaba disparando;,1,B
nosotros de cuando en cuando,2,B
solíamos ladrar de pobres:,3,C
nunca llegaban los cobres,4,C
que se estaban aguardando.,5,B
Y andábamos de mugrientos,0,A
que el mirarnos daba horror;,1,B
les juro que era un dolor,2,B
"ver esos hombres, ¡por cristo!",3,C
En mi perra vida he visto,4,C
una miseria mayor.,5,B
Yo no tenía ni camisa,0,A
ni cosa que se parezca;,1,B
mis trapos sólo pa yesca,2,B
me podían servir al fin...,3,C
no hay plaga como un fortín,4,C
para que el hombre padezca.,5,B
"Poncho, jergas, el apero,",0,A
"las prenditas, los botones,",1,B
"todo, amigo, en los cantones",2,B
jue quedando poco a poco;,3,C
ya me tenían medio loco,4,C
la pobreza y los ratones.,5,B
Sólo una manta peluda,0,A
era cuanto me quedaba,1,B
la había agenciao a la tabla,2,B
y ella me tapaba el bulto;,3,C
yaguané que allí ganaba,4,C
no salía- ni con indulto.,5,B
Y pa mejor hasta el moro,0,A
se me jue de entre las manos;,1,B
"no soy lerdo pero, hermano,",2,B
vino el comendante un día,3,C
diciendo que lo quería,4,C
pa enseñarle a comer grano.,5,B
Afigúrese cualquiera,0,A
"la suerte de este su amigo,",1,B
"a pie y mostrando el umbligo,",2,B
"estropiao, pobre y desnudo;",3,C
ni por castigo se pudo,4,C
hacerse más mal conmigo.,5,B
"Ansí pasaron los meses,",0,A
"y vino el año siguiente,",1,B
y las cosas igualmente,2,B
siguieron del mesmo modo:,3,C
adrede parece todo,4,C
pa atormentar a la gente.,5,B
"No teníamos más permiso,",0,A
"ni otro alivio la gauchada,",1,B
"que salir de madrugada,",2,B
"cuando no había indio ninguno,",3,C
campo ajuera a hacer boliadas,4,C
desocando los reyunos.,5,B
Y cáibamos al cantón,0,A
"con los fletes aplastaos,",1,B
pero a veces medio aviaos,2,B
"con plumas y algunos cueros,",3,C
que pronto con el pulpero,4,C
los teníamos negociaos.,5,B
Era un amigo del jefe,0,A
que con un boliche estaba;,1,B
yerba y tabaco nos daba,2,B
"por la pluma de avestruz,",3,C
y hasta le hacía ver la luz,4,C
al que un cuero le llevaba.,5,B
Sólo tenía cuatro frascos,0,A
"y unas barricas vacías,",1,B
y a la gente le vendía,2,B
todo cuanto precisaba...,3,C
algunos creiban que estaba,4,C
allí la proveduría.,5,B
"¡Ah, pulpero habilidoso!",0,A
Nada le solía faltar.,1,B
"¡Ahijuna!, Para tragar",2,B
tenía un buche de ñandú;,3,C
la gente le dio en llamar,4,C
el boliche de virtú.,5,B
Aunque es justo que quien vende,0,A
"algún poquito muerda,",1,B
tiraba tanto la cuerda,2,B
"que, con sus cuatro limetas",3,C
él cargaba las carretas,4,C
"de plumas, cueros y cerda.",5,B
Nos tenía apuntaos a todos,0,A
"con más cuentas que un rosario,",1,B
cuando se anunció un salario,2,B
"que iban a dar, o un socorro;",3,C
pero sabe Dios qué zorro,4,C
se lo comió al comisario;,5,B
"pues nunca lo vi llegar,",0,A
y al cabo de muchos días,1,B
en la mesma pulpería,2,B
"dieron una güena cuenta,",3,C
que la gente muy contenta,4,C
de tan pobre recibía.,5,B
"Sacaron unos sus prendas,",0,A
que las tenían empeñadas;,1,B
por sus deudas atrasadas,2,B
dieron otros el dinero;,3,C
al fin de fiesta el pulpero,4,C
se quedó con la mascada.,5,B
Yo me arrescosté a un horcón,0,A
"dando tiempo a que pagaran,",1,B
y poniendo güena cara,2,B
"estuve haciéndome el poyo,",3,C
a esperar que me llamaran,4,C
para recibir mi boyo.,5,B
Pero ahi me puede quedar,0,A
"pegao pa siempre al horcón,",1,B
ya era casi la oración,2,B
y ninguno me llamaba;,3,C
la cosa se me ñublaba,4,C
y me dentró comezón.,5,B
Pa sacarme el entripao,0,A
"vi al mayor, y lo fi a hablar;",1,B
"yo me lo empecé a atracar,",2,B
y como con poca gana,3,C
le dije: tal vez mañana,4,C
acabarán de pagar.,5,B
"¡Que mañana ni otro día!,",0,A
Al punto me contestó:,1,B
la paga ya se acabó;,2,B
¡siempre has de ser animal!,3,C
Me raí y le dije: yo...,4,C
no he recebido ni un rial.,5,B
Se le pusieron los ojos,0,A
"que se le querían salir,",1,B
y ahi no más volvió a decir,2,B
comiéndome con la vista:,3,C
¿y qué querés recibir,4,C
si no has dentrao en la lista?,5,B
"Esto sí que es amolar,",0,A
dije yo pa mis adentros;,1,B
van dos años que me encuentro,2,B
y hasta aura he visto ni un grullo;,3,C
dentro en todos los barullos,4,C
pero en las listas no dentro.,5,B
Vide el pleito mal parao,0,A
y no quise aguardar más...,1,B
es güeno vivir en paz,2,B
con quien nos ha de mandar;,3,C
y reculando pa atrás,4,C
me le empecé a retirar.,5,B
Supo todo el comendante,0,A
"y me llamó al otro día,",1,B
diciéndome que quería,2,B
aviriguar bien las cosas...,3,C
"que no era el tiempo de rosas,",4,C
que aura a naides se debía.,5,B
Llamó al cabo y al sargento,0,A
y empezó la indagación:,1,B
si había venido al cantón,2,B
en tal tiempo o en tal otro...,3,C
"y si había venido en potro,",4,C
en reyuno o redomón.,5,B
Y todo era alborotar,0,A
"al ñudo, y hacer papel;",1,B
conocí que era pastel,2,B
pa engordar con mi guayaca;,3,C
mas si voy al coronel,4,C
me hacen bramar en la estaca.,5,B
"¡Ah, hijos de una...! ¡La codicia",0,A
ojalá les ruempa el saco!,1,B
Ni un pedazo de tabaco,2,B
"le dan al pobre soldao,",3,C
"y lo tienen, de delgao,",4,C
más ligero que un guanaco.,5,B
"Pero qué iba a hacerles yo,",0,A
charabón en el desierto;,1,B
más bien me daba por muerto,2,B
pa no verme más fundido:,3,C
y me les hacía el dormido,4,C
aunque soy medio despierto.,5,B
"Yo andaba desesperao,",0,A
aguardando una ocasión,1,B
que los indios un malón,2,B
"nos dieran, y entre el estrago",3,C
hacérmeles cimarrón,4,C
y volverme pa mi pago.,5,B
Aquello no era servicio,0,A
ni defender la frontera;,1,B
aquello era ratonera,2,B
en que sólo gana el juerte:,3,C
era jugar a la suerte,4,C
con una taba culera.,5,B
Allí tuito va al revés;,0,A
"los milicos son los piones,",1,B
y andan en las poblaciones,2,B
emprestaos pa trabajar;,3,C
los rejuntan pa peliar,4,C
cuando entran indios ladrones.,5,B
Yo he visto en esa milonga,0,A
"muchos jefes con estancia,",1,B
"y piones en abundancia,",2,B
y majadas y rodeos;,3,C
he visto negocios feos,4,C
a pesar de mi inorancia.,5,B
Y colijo que no quieren,0,A
la barunda componer;,1,B
"para eso no ha de tener,",2,B
"el jefe que esté de estable,",3,C
"más que su poncho y su sable,",4,C
su caballo y su deber.,5,B
"Ansina, pues, conociendo",0,A
"que aquel mal no tiene cura,",1,B
que tal vez mi sepoltura,2,B
"si me quedo iba a encontrar,",3,C
pensé mandarme mudar,4,C
como cosa más sigura.,5,B
"Y pa mejor, una noche",0,A
¡qué estaquiada me pegaron!,1,B
Casi me descoyuntaron,2,B
por motivo de una gresca:,3,C
"¡ahijuna, si me estiraron",4,C
lo mesmo que guasca fresca!,5,B
Jamás me puedo olvidar,0,A
lo que esa vez me pasó;,1,B
dentrando una noche yo,2,B
"al fortín, un enganchao,",3,C
"que estaba medio mamao,",4,C
allí me desconoció.,5,B
"Era un gringo tan bozal,",0,A
"que nada se le entendía,",1,B
¡quién sabe de ande sería!,2,B
"Tal vez no juera cristiano,",3,C
pues lo único que decía,4,C
es que era papolitano.,5,B
Estaba de centinela,0,A
y por causa del peludo,1,B
"verme más claro no pudo,",2,B
y esa jue la culpa toda:,3,C
el bruto se asustó al ñudo,4,C
y fi el pavo de la boda.,5,B
Cuando me vido acercar:,0,A
quién vivore-? Preguntó;,1,B
"¿qué víboras?, Dije yo.",2,B
"¡Ha garto!, Me pegó el grito,",3,C
y yo dije despacito:,4,C
¡más lagarto serás vos!,5,B
"Ahi no más, ¡cristo me valga!,",0,A
Rastrillar el jusil siento:,1,B
"me agaché, y en el momento",2,B
el bruto me largó un chumbo;,3,C
"mamao, me tiró sin rumbo,",4,C
"que si no, no cuento el cuento.",5,B
"Por de contao, con el tiro",0,A
se alborotó el avispero;,1,B
los oficiales salieron,2,B
y se empezó la junción;,3,C
"quedó en su puesto el nación,",4,C
y yo fi al estaquiadero.,5,B
Entre cuatro bayonetas,0,A
me tendieron en el suelo;,1,B
vino el mayor medio en pedo,2,B
y allí se puso a gritar:,3,C
"¡pícaro, te he de enseñar",4,C
andar reclamando sueldos!,5,B
De las manos y las patas,0,A
me ataron cuatro cinchones;,1,B
les aguanté los tirones,2,B
"sin que ni un ¡ay! Se me oyera,",3,C
y al gringo la noche entera,4,C
lo harté con mis maldiciones.,5,B
Yo no sé porqué el gobierno,0,A
nos manda aquí a la frontera,1,B
gringada que ni siquiera,2,B
se sabe atracar a un pingo.,3,C
¡Si creerá al mandar un gringo,4,C
que nos manda alguna fiera!,5,B
"No hacen más que dar trabajo,",0,A
pues no saben ni ensillar;,1,B
no sirven ni pa carniar:,2,B
y yo he visto muchas veces,3,C
que ni voltiadas las reses,4,C
se les querían arrimar.,5,B
Y lo pasan sus mercedes,0,A
lengüetiando pico a pico,1,B
hasta que viene un milico,2,B
a servirles al asao-,3,C
"y eso sí, en lo delicaos,",4,C
parecen hijos de rico.,5,B
"Si hay calor, ya no son gente;",0,A
"si yela, todos tiritan;",1,B
"si usté no les da, no pitan",2,B
"por no gastar en tabaco,",3,C
y cuando pescan un naco,4,C
uno al otro se lo quitan.,5,B
Cuando llueve se acoquinan,0,A
como perro que oye truenos.,1,B
"¡Que diablos!, Sólo son güenos",2,B
"pa vivir entre maricas,",3,C
y nunca se andan con chicas,4,C
para alzar ponchos ajenos.,5,B
Pa vichar son como ciegos;,0,A
"no hay ejemplo de que entiendan,",1,B
"ni hay uno solo que aprienda,",2,B
"al ver un bulto que cruza,",3,C
"a saber si es avestruza,",4,C
"o si es jinete, o hacienda.",5,B
Si salen a perseguir,0,A
"después de mucho aparato,",1,B
tuitos se pelan al rato,2,B
y va quedando el tendal:,3,C
esto es como en un nidal,4,C
echarle güevos a un gato.,5,B
vamos dentrando recién,0,A
"a la parte mas sentida,",1,B
aunque es todita mi vida,2,B
de males una cadena:,3,C
a cada alma dolorida,4,C
le gusta cantar sus penas.,5,B
Se empezó en aquel entonces,0,A
"a rejuntar caballada,",1,B
y riunir la milicada,2,B
"teniéndola en el cantón,",3,C
para una despedición,4,C
a sorprender a la indiada.,5,B
Nos anunciaban que iríamos,0,A
sin carretas ni bagajes,1,B
a golpiar a los salvajes,2,B
en sus mesmas tolderías;,3,C
que a la güelta pagarían,4,C
licenciándolo al gauchaje;,5,B
que en esta despedición,0,A
tuviéramos la esperanza;,1,B
"que iba a venir sin tardanza,",2,B
"según el jefe contó,",3,C
un menistro o qué sé yo-,4,C
que le llamaban don ganza;,5,B
que iba a riunir el ejército,0,A
"y tuitos los batallones,",1,B
y que traiba unos cañones,2,B
con más rayas que un cotín;,3,C
¡pucha!- Las conversaciones,4,C
por allá no tenían fin.,5,B
Pero esas trampas no enriedan,0,A
a los zorros de mi laya;,1,B
"que esa ganza venga o vaya,",2,B
poco le importa a un matrero.,3,C
Yo también dejé las rayas-,4,C
en los libros del pulpero.,5,B
Nunca juí gaucho dormido;,0,A
"siempre pronto, siempre listo,",1,B
"yo soy un hombre, ¡qué cristo!,",2,B
"Que nada me ha acobardao,",3,C
y siempre salí parao,4,C
en los trances que me he visto.,5,B
Dende chiquito gané,0,A
"la vida con mi trabajo,",1,B
y aunque siempre estuve abajo,2,B
y no sé lo que es subir,3,C
también el mucho sufrir,4,C
"suele cansarnos, ¡barajo!",5,B
En medio de mi inorancia,0,A
conozco que nada valgo:,1,B
soy la liebre o soy el galgo,2,B
asigún los tiempos andan;,3,C
pero también los que mandan,4,C
debieran cuidarnos algo.,5,B
Una noche que riunidos,0,A
estaban en la carpeta,1,B
empinando una limeta,2,B
"el jefe y el juez de paz,",3,C
"yo no quise aguardar más,",4,C
y me hice humo en un sotreta.,5,B
Me parece el campo orégano,0,A
dende que libre me veo;,1,B
donde me lleva el deseo,2,B
"allí mis pasos dirijo,",3,C
y hasta en las sombras de fijo,4,C
que donde quiera rumbeo.,5,B
Entro y salgo del peligro,0,A
"sin que me espante el estrago,",1,B
no aflojo al primer amago,2,B
ni jamás fi gaucho lerdo:,3,C
"soy pa rumbiar como el cerdo,",4,C
y pronto caí a mi pago.,5,B
Volvía al cabo de tres años,0,A
de tanto sufrir al ñudo,1,B
"resertor, pobre y desnudo,",2,B
a procurar suerte nueva;,3,C
y lo mesmo que el peludo,4,C
enderecé pa mi cueva.,5,B
No hallé ni rastro del rancho:,0,A
¡sólo estaba la tapera!,1,B
¡Por cristo si aquello era,2,B
pa enlutar el corazón!,3,C
¡Yo juré en esa ocasión,4,C
ser mas malo que una fiera!,5,B
¡Quién no sentirá lo mesmo,0,A
cuando ansí padece tanto!,1,B
Puedo asigurar que el llanto,2,B
como una mujer largué:,3,C
"¡ay, mi Dios: si me quedé",4,C
más triste que jueves santo!,5,B
Sólo se oíban los aullidos,0,A
de un gato que se salvó;,1,B
el pobre se guareció,2,B
"cerca, en una vizcachera:",3,C
venía como si supiera,4,C
que estaba de güelta yo.,5,B
Al dirme dejé la hacienda,0,A
que era todito mi haber;,1,B
"pronto debíamos volver,",2,B
"sigún el juez prometía,",3,C
y hasta entonces cuidaría,4,C
"de los bienes, la mujer.",5,B
Después me contó un vecino,0,A
que el campo se lo pidieron;,1,B
la hacienda se la vendieron,2,B
"pa pagar arrendamientos,",3,C
y qué sé yo cuantos cuentos;,4,C
"pero todo lo fundieron,",5,B
"los pobrecitos muchachos,",0,A
"entre tantas afliciones,",1,B
se conchabaron de piones;,2,B
"¡mas qué iban a trabajar,",3,C
si eran como los pichones,4,C
sin acabar de emplumar!,5,B
Por ahi andarán sufriendo,0,A
de nuestra suerte el rigor:,1,B
me han contao que el mayor,2,B
nunca dejaba a su hermano;,3,C
puede ser que algún cristiano,4,C
los recoja por favor.,5,B
"¡Y la pobre mi mujer,",0,A
Dios sabe cuánto sufrió!,1,B
Me dicen que se voló,2,B
con no sé qué gavilán:,3,C
sin duda a buscar el pan,4,C
que no podía darle yo.,5,B
No es raro que a uno le falte,0,A
lo que a algún otro le sobre,1,B
si no le quedó ni un cobre,2,B
sino de hijos un enjambre.,3,C
Que más iba a hacer la pobre,4,C
para no morirse de hambre?,5,B
"¡Tal vez no te vuelva a ver,",0,A
prienda de mi corazón!,1,B
Dios te dé su proteción,2,B
"ya que no me la dio a mí,",3,C
y a mis hijos dende aquí,4,C
les echo mi bendición.,5,B
Como hijitos de la cuna,0,A
andarán por ahi sin madre;,1,B
"ya se quedaron sin padre,",2,B
y ansí la suerte los deja,3,C
sin naides que los proteja,4,C
y sin perro que les ladre.,5,B
Los pobrecitos tal vez,0,A
"no tengan ande abrigarse,",1,B
"ni ramada ande ganarse,",2,B
"ni rincón ande meterse,",3,C
"ni camisa que ponerse,",4,C
ni poncho con que taparse.,5,B
Tal vez los verán sufrir,0,A
sin tenerles compasión;,1,B
"puede que alguna ocasión,",2,B
"aunque los vean tiritando,",3,C
los echen de algún jogón,4,C
pa que no estén estorbando.,5,B
Y al verse ansina espantaos,0,A
"como se espanta a los perros,",1,B
"irán los hijos de Fierro,",2,B
"con la cola entre las piernas,",3,C
a buscar almas más tiernas,4,C
o esconderse en algún cerro.,5,B
Mas también en este juego,0,A
voy a pedir mi bolada;,1,B
"a naides le debo nada,",2,B
ni pido cuartel ni doy:,3,C
y ninguno dende hoy,4,C
ha de llevarme en la armada.,5,B
"Yo he sido manso primero,",0,A
y seré gaucho matrero;,1,B
"en mi triste circunstancia,",2,B
"aunque es mi mal tan projundo,",3,C
nací y me he criado en estancia.,4,C
Pero ya conozco el mundo.,5,B
"Ya les conozco sus mañas,",0,A
le conozco sus cucañas;,1,B
"sé como hacen la partida,",2,B
la enriedan y la manejan;,3,C
deshaceré la madeja,4,C
aunque me cueste la vida.,5,B
Y aguante el que no se anime,0,A
a meterse en tanto engorro,1,B
o si no aprétese el gorro,2,B
y para otra tierra emigre;,3,C
pero yo ando como el tigre,4,C
que le roban los cachorros.,5,B
Aunque muchos creen que el gaucho,0,A
"tiene alma de reyuno,",1,B
no se encontrará a ninguno,2,B
que no le dueblen las penas;,3,C
mas no debe aflojar uno,4,C
mientras hay sangre en las venas,5,B
De carta de más me vía,0,A
sin saber a donde dirme;,1,B
mas dijeron que era vago,2,C
y entraron a perseguirme.,3,B
"Nunca se achican los males,",0,A
"van poco a poco creciendo,",1,B
y ansina me vide pronto,2,C
obligado a andar juyendo.,3,B
No tenía mujer ni rancho,0,A
"y a más, era resertor;",1,B
no tenía una prenda güena,2,C
ni un peso en el tirador,3,B
a mis hijos infelices,0,A
"pensé volverlos a hallar,",1,B
y andaba de un lao al otro,2,C
sin tener ni qué pitar.,3,B
Supe una vez por desgracia,0,A
"que había un baile por allí,",1,B
y medio desesperao,2,C
a ver la milonga fui.,3,B
Riunidos al pericón,0,A
"tantos amigos hallé,",1,B
que alegre de verme entre ellos,2,C
esa noche me apedé.,3,B
"Como nunca, en la ocasión",0,A
por peliar me dio la tranca.,1,B
Y la emprendí con un negro,2,C
que trujo una negra en ancas.,3,B
"Al ver llegar la morena,",0,A
"que no hacía caso de naides,",1,B
le dije con la mamúa:,2,C
va-ca-yendo gente al baile.,3,B
La negra entendió la cosa,0,A
"y no tardó en contestarme,",1,B
mirándome como a un perro:,2,C
más vaca será su madre.,3,B
Y dentró al baile muy tiesa,0,A
"con más cola que una zorra,",1,B
haciendo blanquiar los dientes,2,C
lo mesmo que mazamorra.,3,B
!Negra linda!- Dije yo.,0,A
Me gusta- pa la carona;,1,B
y me puse a champurriar,2,C
esta coplita fregona:,3,B
"a los blancos hizo Dios,",0,A
"a los mulatos san pedro,",1,B
a los negros hizo el diablo,2,C
para tizón del infierno.,3,B
Había estao juntando rabia,0,A
el moreno dende ajuera;,1,B
en lo escuro le brillaban,2,C
los ojos como linterna.,3,B
"Lo conocí retobao,",0,A
me acerqué y le dije presto:,1,B
po-r-rudo que un hombre sea,2,C
nunca se enoja por esto.,3,B
Corcovió el de los tamangos,0,A
y creyéndose muy fijo:,1,B
"¡más porrudo serás vos,",2,C
"gaucho rotoso!, Me dijo.",3,B
Y ya se me vino al humo,0,A
"como a buscarme la hebra,",1,B
y un golpe le acomodé,2,C
con el porrón de ginebra.,3,B
Ahi nomás pegó el de hollín,0,A
"mas gruñidos que un chanchito,",1,B
y pelando el envenao,2,C
me atropelló dando gritos.,3,B
Pegué un brinco y abrí cancha,0,A
"diciéndoles: caballeros,",1,B
dejen venir ese toro.,2,C
Solo nací- solo muero.,3,B
"El negro, después del golpe,",0,A
se había el poncho refalao,1,B
y dijo: vas a saber,2,C
si es solo o acompañado.,3,B
"Y mientras se arremangó,",0,A
"yo me saqué las espuelas,",1,B
pues malicié que aquel tío,2,C
no era de arriar con las riendas.,3,B
No hay cosa como el peligro,0,A
pa refrescar un mamao;,1,B
hasta la vista se aclara,2,C
por mucho que haiga chupao.,3,B
El negro me atropelló,0,A
como a quererme comer;,1,B
me hizo dos tiros seguidos,2,C
y los dos le abarajé.,3,B
"Yo tenía un facón con s,",0,A
que era de lima de acero;,1,B
"le hice un tiro, lo quitó",2,C
y vino ciego el moreno;,3,B
y en el medio de las aspas,0,A
"un planazo le asenté,",1,B
que lo largué culebriando,2,C
lo mesmo que buscapié.,3,B
Le coloriaron las motas,0,A
"con la sangre de la herida,",1,B
y volvió a venir jurioso,2,C
como una tigra parida.,3,B
Y ya me hizo relumbrar,0,A
"por los ojos el cuchillo,",1,B
alcanzando con la punta,2,C
a cortarme en un carrillo.,3,B
Me hirvió la sangre en las venas,0,A
"y me le afirmé al moreno,",1,B
dándole de punta y hacha,2,C
pa dejar un diablo menos.,3,B
Por fin en una topada,0,A
"en el cuchillo lo alcé,",1,B
y como un saco de güesos,2,C
contra un cerco lo largué.,3,B
Tiró unas cuantas patadas,0,A
y ya cantó pal carnero:,1,B
nunca me puedo olvidar,2,C
de la agonía de aquel negro.,3,B
"Limpié el facón en los pastos,",0,A
"desaté mi redomón,",1,B
monté despacio y salí,2,B
al tranco pa el cañadón.,3,C
Después supe que al finao,0,A
"ni siquiera lo velaron,",1,B
"y retobao en un cuero,",2,B
sin rezarle lo enterraron.,3,C
"Y dicen que dende entonces,",0,A
cuando es la noche serena,1,B
suele verse una luz mala,2,B
como de alma que anda en pena.,3,C
"Yo tengo intención a veces,",0,A
"para que no pene tanto,",1,B
de sacar de allí los güesos,2,B
y echarlos al camposanto.,3,C
Se tiró al suelo; al dentrar,0,A
"le dio un empellón a un vasco,",1,B
y me alargó un medio frasco,2,B
diciendo: beba cuñao.,3,C
"Por su hermana, contesté.",4,C
Que por la mía no hay cuidao.,5,B
"¡Ah, gaucho!, Me respondió;",0,A
¿de que pago será crioyo?,1,B
¿Lo andará buscando el hoyo?,2,B
Deberá tener güen cuero;,3,C
pero ande bala este toro,4,C
no bala ningún ternero.,5,B
Y ya salimos trenzaos,0,A
"porque el hombre no era lerdo,",1,B
"mas como el tino no pierdo,",2,B
"y soy medio ligerón,",3,C
le dejé mostrando el sebo,4,C
de un revés con el facón.,5,B
Y como con la justicia,0,A
"no andaba bien por allí,",1,B
"cuanto pataliar lo vi,",2,B
"y el pulpero pegó el grito,",3,C
ya pa el palenque salí,4,C
como haciéndome chiquito.,5,B
"Monté y me encomendé a Dios,",0,A
"rumbiando para otro pago,",1,B
que el gaucho que llaman vago,2,B
"no puede tener querencia,",3,C
y ansí de estrago en estrago,4,C
vive llorando la ausencia.,5,B
"éL andaba siempre juyendo,",0,A
"siempre pobre y perseguido,",1,B
no tiene cueva ni nido,2,B
como si juera maldito;,3,C
"porque el ser gaucho- ¡barajo!,",4,C
El ser gaucho es un delito.,5,B
Es como el patrio de posta;,0,A
"lo larga éste, aquél lo toma,",1,B
nunca se acaba la broma;,2,B
dende chico se parece,3,C
al arbolito que crece,4,C
desamparao en la loma.,5,B
Le echan la agua del bautismo,0,A
aquél que nació en la selva;,1,B
"busca madre que te envuelva,",2,B
le dice el fraire y lo larga.,3,C
Y dentra a cruzar el mundo,4,C
como burro con la carga.,5,B
Y se cría viviendo al viento,0,A
como oveja sin trasquila;,1,B
mientras su padre en las filas,2,B
"anda sirviendo al gobierno,",3,C
"aunque tirite en invierno,",4,C
naides lo ampara ni asila.,5,B
Le llaman gaucho mamao,0,A
"si lo pillan divertido,",1,B
y que es mal entretenido,2,B
si en un baile lo sorprienden;,3,C
hace mal si se defiende,4,C
"y si no, se ve- fundido.",5,B
"No tiene hijos ni mujer,",0,A
"ni amigos ni protetores,",1,B
pues todos son sus señores,2,B
sin que ninguno lo ampare:,3,C
"tiene la suerte del güey,",4,C
y ¿donde irá el güey que no are?,5,B
"Su casa es el pajonal,",0,A
su guarida es el desierto;,1,B
y si de hambre medio muerto,2,B
"le echa el lazo a algún mamón,",3,C
"lo persiguen como a plaito,",4,C
porque es un gaucho ladrón.,5,B
Y si de un golpe por ahi,0,A
"lo dan güelta panza arriba,",1,B
no hay un alma compasiva,2,B
que le rece una oración;,3,C
tal vez como cimarrón,4,C
en una cueva lo tiran.,5,B
Él nada gana en la paz,0,A
y es el primero en la guerra;,1,B
"no le perdonan si yerra,",2,B
"que no saben perdonar,",3,C
porque el gaucho en esta tierra,4,C
sólo sirve pa votar.,5,B
"Para el son los calabozos,",0,A
"para el las duras prisiones,",1,B
en su boca no hay razones,2,B
aunque la razón le sobre;,3,C
que son campanas de palo,4,C
las razones de los pobres.,5,B
"Si uno aguanta, es gaucho bruto;",0,A
si no aguanta es gaucho malo.,1,B
"¡Dele azote, dele palo,",2,B
porque es lo que él necesita!,3,C
De todo el que nació gaucho,4,C
ésta es la suerte maldita.,5,B
"Vamos suerte, vamos juntos",0,A
dende que juntos nacimos;,1,B
y ya que juntos vivimos,2,B
sin podernos dividir-,3,C
yo abriré con mi cuchillo,4,C
el camino pa seguir,5,B
matreriando lo pasaba,0,A
ya a las casas no venía;,1,B
"solía arrimarme de día,",2,B
"mas, lo mesmos que el carancho,",3,C
siempre estaba sobre el rancho,4,C
espiando a la polecía.,5,B
"Viva el gaucho que ande mal,",0,A
"como zorro perseguido,",1,B
hasta que al menor descuido,2,B
"se lo atarasquen los perros,",3,C
pues nunca le falta un yerro,4,C
al hombre más alvertido.,5,B
Y en esa hora de la tarde,0,A
"en que tuito se adormece,",1,B
que el mundo dentrar parece,2,B
"a vivir en pura calma,",3,C
con las tristezas del alma,4,C
al pajonal enderiece.,5,B
Bala el tierno corderito,0,A
"al lao de la blanca oveja,",1,B
y a la vaca que se aleja,2,B
llama el ternero amarrao;,3,C
pero el gaucho desgraciao,4,C
no tiene a quien dar su oveja.,5,B
Ansí es que al venir la noche,0,A
"iba a buscar mi guarida,",1,B
pues ande el tigre se anida,2,B
"también el hombre lo pasa,",3,C
y no quería que en las casas,4,C
me rodiara la partida.,5,B
Pues aun cuando vengan ellos,0,A
"cumpliendo con su deberes,",1,B
"yo tengo otros pareceres,",2,B
y en esa conduta vivo:,3,C
que no debe un gaucho altivo,4,C
peliar entre las mujeres.,5,B
"Y al campo me iba solito,",0,A
"más matrero que el venao,",1,B
como perro abandonao,2,B
"a buscar una tapera,",3,C
o en alguna vizcachera,4,C
pasar la noche tirao.,5,B
Sin punto ni rumbo fijo,0,A
"en aquella inmensidá,",1,B
entre tanta escuridá,2,B
anda el gaucho como duende;,3,C
allí jamás lo sorpriende,4,C
"dormido, la autoridá.",5,B
"Su esperanza es el coraje,",0,A
"su guardia es la precaución,",1,B
"su pingo es la salvación,",2,B
"y pasa uno en su desvelo,",3,C
sin más amparo que el cielo,4,C
ni otro amigo que el facón.,5,B
Ansí me hallaba una noche,0,A
"contemplando las estrellas,",1,B
que le parecen más bellas,2,B
"cuanto uno es más desgraciao,",3,C
y que Dios las haiga criao,4,C
para consolarse en ellas.,5,B
Les tiene el hombre cariño,0,A
y siempre con alegría,1,B
ve salir las tres marías;,2,B
"que si llueve, cuanto escampa,",3,C
las estrellas son la guía,4,C
que el gaucho tiene en la pampa.,5,B
"Aquí no valen dotores,",0,A
sólo vale la esperiencia;,1,B
aquí verían su inocencia,2,B
"ésos que todo lo saben,",3,C
porque esto tiene otra llave,4,C
y el gaucho tiene su cencia.,5,B
Es triste en medio del campo,0,A
pasarse noches enteras,1,B
contemplando en sus carreras,2,B
"las estrellas que Dios cría,",3,C
sin tener más compañía,4,C
que su delito y las fieras.,5,B
"Me encontraba como digo,",0,A
"en aquella soledá,",1,B
"entre tanta escuridá,",2,B
"echando al viento mis quejas,",3,C
cuando el grito del chajá,4,C
me hizo parar las orejas.,5,B
Como lumbriz me pegué,0,A
al suelo para escuchar;,1,B
pronto sentí retumbar,2,B
"las pisadas de los fletes,",3,C
y que eran muchos jinetes,4,C
conocí sin vacilar.,5,B
Cuando el hombre está en peligro,0,A
no debe tener confianza;,1,B
ansí tendido de panza,2,B
puse toda mi atención,3,C
y ya escuché sin tardanza,4,C
como el ruido de un latón.,5,B
Se venían tan calladitos,0,A
que yo me puse en cuidao;,1,B
tal vez me hubieran bombiao,2,B
y ya me venían a buscar;,3,C
"mas no quise disparar,",4,C
que eso es de gaucho morao.,5,B
Al punto me santigüé,0,A
y eché de giñebra un taco;,1,B
lo mesmito que el mataco,2,B
me arroyé con el porrón;,3,C
"si han de darme pa tabaco,",4,C
"dije, ésta es güena ocasión.",5,B
"Me refalé las espuelas,",0,A
para no peliar con grillos;,1,B
"me arremangué el calzoncillo,",2,B
"y me ajusté bien la faja,",3,C
y en una mata de paja,4,C
probé el filo del cuchillo.,5,B
Para tenerlo a la mano,0,A
"el flete en el pasto até,",1,B
"la cincha le acomodé,",2,B
"y, en un trance como aquél,",3,C
haciendo espaldas en él,4,C
quietito los aguardé.,5,B
"Cuando cerca los sentí,",0,A
"y que ahi no más se pararon,",1,B
los pelos se me erizaron,2,B
"y, aunque nada vían mis ojos,",3,C
"no se han de morir de antojo,",4,C
"les dije, cuando llegaron.",5,B
Yo quise hacerles saber,0,A
que allí se hallaba un varón;,1,B
les conocí la intención,2,B
y solamente por eso,3,C
"es que les gané el tirón,",4,C
sin aguardar voz de preso.,5,B
"Vos sos un gaucho matrero,",0,A
"dijo uno, haciéndose el güeno.",1,B
Vos mataste un moreno,2,B
"y otro en una pulpería,",3,C
y aquí está la polecía,4,C
que viene a ajustar tus cuentas;,5,B
"No me vengan, contesté,",0,A
con relación de dijuntos;,1,B
ésos son otros asuntos;,2,B
"vean si me pueden llevar,",3,C
"que yo no me he de entregar,",4,C
aunque vengan todos juntos.,5,B
Pero no aguardaron más,0,A
y se apiaron en montón;,1,B
como a perro cimarrón,2,B
me rodiaron entre tantos;,3,C
"ya me encomendé a los santos,",4,C
y eché mano a mi facón.,5,B
Y ya vide el fogonazo,0,A
"de un tiro de garabina,",1,B
mas quiso la suerte indina,2,B
"de aquel maula, que me errase,",3,C
y ahi no más lo levantase,4,C
lo mesmo que una sardina.,5,B
A otro que estaba apurao,0,A
"acomodando una bola,",1,B
le hice una dentrada sola,2,B
"y le hice sentir el Fierro,",3,C
y ya salió como el perro,4,C
cuando le pisan la cola.,5,B
Era tanta la aflición,0,A
"y la angurria que venían,",1,B
"que tuitos se me venían,",2,B
donde yo los esperaba;,3,C
uno al otro se estorbaba,4,C
y con las ganas no vían.,5,B
Dos de ellos que traiban sables,0,A
"más garifos y resueltos,",1,B
en las hilachas envueltos,2,B
"enfrente se me pararon,",3,C
y a un tiempo me atropellaron,4,C
lo mesmo que perros sueltos.,5,B
Me fui reculando en falso,0,A
"y el poncho adelante eché,",1,B
y en cuanto le puso el pie,2,B
"uno medio chapetón,",3,C
de pronto le di un tirón,4,C
y de espaldas lo largué,5,B
al verse sin compañero,0,A
el otro se sofrenó;,1,B
"entonces le dentré yo,",2,B
"sin dejarlo resollar,",3,C
pero ya empezó a aflojar,4,C
y a la pu-n-ta disparó.,5,B
Uno que en una tacuara,0,A
"había atao una tijera,",1,B
se vino como si juera,2,B
"palenque de atar terneros,",3,C
pero en dos tiros certeros,4,C
salió aullando campo ajuera.,5,B
Por suerte en aquel momento,0,A
venía coloriando el alba,1,B
y yo dije: si me salva,2,B
"la virgen en este apuro,",3,C
en adelante le juro,4,C
ser más güeno que una malva.,5,B
Pegué un brinco y entre todos,0,A
sin miedo me entreveré;,1,B
hecho ovillo me quedé,2,B
"y ya me cargó una yunta,",3,C
y por el suelo la punta,4,C
de mi facón les jugué.,5,B
El más engolosinao,0,A
se me apió con un hachazo;,1,B
se lo quité con el brazo;,2,B
"de no, me mata los piojos;",3,C
y antes de que diera un paso,4,C
le eché tierra en los dos ojos.,5,B
Y mientras se sacudía,0,A
"refregándose la vista,",1,B
yo me le fui como lista,2,B
"y ahi no más me le afirmé,",3,C
"diciéndole: Dios te asista,",4,C
y de un revés lo voltié.,5,B
Pero en ese punto mesmo,0,A
sentí que por las costillas,1,B
un sable me hacía cosquillas,2,B
y la sangre me heló;,3,C
dende ese momento yo,4,C
me salí de mis casillas.,5,B
Di para atrás unos pasos,0,A
hasta que pude hacer pie;,1,B
por delante me lo eché,2,B
de punta y tajos a un criollo;,3,C
"metió la pata en un hoyo,",4,C
y yo al hoyo lo mandé.,5,B
Tal vez en el corazón,0,A
le tocó un santo bendito,1,B
"a un gaucho, que pegó el grito",2,B
y dijo: ¡Cruz no consiente,3,C
que se cometa el delito,4,C
de matar a un valiente!,5,B
"Y ahi no más se me aparió,",0,A
dentrándole a la partida;,1,B
yo les hice otra embestida,2,B
pues entre dos era robo;,3,C
y el Cruz era como lobo,4,C
que defiende su guarida.,5,B
Uno despachó al infierno,0,A
de dos que lo atropellaron;,1,B
"los demás remoliniaron,",2,B
"pues íbamos a la fija,",3,C
y a poco andar dispararon,4,C
lo mesmo que sabandija.,5,B
Ahí quedaron largo a largo,0,A
los que estiaron la jeta;,1,B
"otro iba como maleta,",2,B
y Cruz de atrás les decía:,3,C
que venga otra polecía,4,C
a llevarlos en carreta.,5,B
"Yo junté las osamentas,",0,A
"me hinqué y les recé un bendito,",1,B
hice una cruz de un palito,2,B
y pedí a mi Dios clemente,3,C
me perdonara el delito,4,C
de haber muerto tanta gente.,5,B
Dejamos amotonaos,0,A
a los pobres que murieron;,1,B
"no sé si los recogieron,",2,B
"porque nos fuimos a un rancho,",3,C
o si tal vez los caranchos,4,C
ahi no más se los comieron.,5,B
Lo agarramos mano a mano,0,A
entre los dos al porrón:,1,B
en semejante ocasión,2,B
un trago a cualquiera encanta;,3,C
y Cruz no era remolón,4,C
ni pijotiaba garganta.,5,B
Calentamos los gargueros,0,A
"y nos largamos muy tiesos,",1,B
siguiendo siempre los besos,2,B
"al pichel, y por mas señas,",3,C
íbamos como cigüeñas,4,C
estirando los pescuezos.,5,B
"Yo me voy, le dije, amigo,",0,A
"donde la suerte me lleve,",1,B
"y si es que alguno se atreve,",2,B
"a ponerse en mi camino,",3,C
"yo seguiré mi destino,",4,C
que el hombre hace lo que debe.,5,B
"Soy un gaucho desgraciao,",0,A
"no tengo donde ampararme,",1,B
"ni un palo donde rascarme,",2,B
ni un árbol que me cubije:,3,C
pero ni aun esto me aflige,4,C
porque yo sé manejarme.,5,B
"Antes de cair al servicio,",0,A
tenia familia y hacienda;,1,B
"cuando volví, ni la prenda",2,B
me la habían dejao ya.,3,C
Dios sabe en lo que vendrá,4,C
a parar esta contienda.,5,B
"amigazo, pa sufrir",0,A
han nacido los varones;,1,B
estas son las ocasiones,2,B
"de mostrarse un hombre juerte,",3,C
hasta que venga la muerte,4,C
y lo agarre a coscorrones.,5,B
El andar tan despilchao,0,A
ningún mérito me quita;,1,B
sin ser un alma bendita,2,B
me duelo del mal ajeno:,3,C
soy un pastel con relleno,4,C
que parece torta frita.,5,B
Tampoco me faltan males,0,A
"y desgracias, le prevengo;",1,B
"también mis desdichas tengo,",2,B
aunque esto poco me aflige:,3,C
yo sé hacerme el chango rengo,4,C
cuando la cosa lo esige.,5,B
Y con algunos ardiles,0,A
"voy viviendo, aunque rotoso;",1,B
a veces me hago el sarnoso,2,B
"y no tengo ni un granito,",3,C
pero al chifle voy ganoso,4,C
como panzón al maíz frito.,5,B
A mí no me matan penas,0,A
mientras tenga el cuero sano;,1,B
venga el sol en el verano,2,B
y la escarcha en el invierno,3,C
¿por qué afligirse el cristiano?,4,C
Hagámosle cara fiera,0,A
"a los males, compañero,",1,B
porque el zorro más matrero,2,B
suele cair como un chorlito;,3,C
viene por un corderito,4,C
y en la estaca deja el cuero.,5,B
Hoy tenemos que sufrir,0,A
"males que no tienen nombre,",1,B
pero esto a nadies lo asombre,2,B
"porque ansina es el pastel,",3,C
y tiene que dar el hombre,4,C
mas güeltas que un carretel.,5,B
Yo nunca me he de entregar,0,A
a los brazos de la muerte;,1,B
arrastro mi triste suerte,2,B
"paso a paso y como pueda,",3,C
que donde el débil se queda,4,C
se suele escapar el juerte.,5,B
Y ricuerde cada cual,0,A
"lo que cada cual sufrió,",1,B
"que lo que es, amigo, yo,",2,B
hago ansí la cuenta mía:,3,C
ya lo pasado pasó;,4,C
mañana será otro día.,5,B
Yo también tuve una pilcha,0,A
"que me enllenó el corazón,",1,B
y si en aquella ocasión,2,B
"alguien me hubiera buscao,",3,C
siguro que me había hallao,4,C
más prendido que un botón.,5,B
En la güeya del querer,0,A
no hay animal que se pierda-,1,B
"las mujeres no son lerdas,",2,B
y todo gaucho es dotor,3,C
si pa cantarle al amor,4,C
tiene que templar las cuerdas.,5,B
¡Quién es de una alma tan dura,0,A
que no quiera una mujer!,1,B
Lo alivia en su padecer:,2,B
si no sale calavera,3,C
es la mejor compañera,4,C
que el hombre puede tener.,5,B
"Si es güena, no lo abandona",0,A
"cuando lo ve desgraciao,",1,B
"lo asiste con su cuidao,",2,B
"y con afán cariñoso,",3,C
y usté tal vez ni un rebozo,4,C
ni una pollera le ha dao.,5,B
¡Grandemente lo pasaba,0,A
"con aquella prenda mía,",1,B
viviendo con alegría,2,B
como la mosca en la miel!,3,C
"¡Amigo, qué tiempo aquel!",4,C
"¡La pucha, que la quería!",5,B
Era la águila que a un árbol,0,A
dende las nubes bajó;,1,B
era más linda que el alba,2,B
cuando va rayando el sol;,3,C
era la flor deliciosa,4,C
que entre el trebolar creció.,5,B
"Pero, amigo, el comendante",0,A
"que mandaba la milicia,",1,B
como que no desperdicia,2,B
se fue refalando a casa;,3,C
yo le conocí en la traza,4,C
que el hombre traiba malicia.,5,B
"Él me daba voz de amigo,",0,A
pero no le tenía fe;,1,B
"era el jefe, y ya se ve,",2,B
no podía competir yo;,3,C
en mi rancho se pegó,4,C
lo mesmo que un saguaipé.,5,B
"A poco andar, conocí",0,A
"que ya me había desbancao,",1,B
"y él siempre muy entonao,",2,B
"aunque sin darme ni un cobre,",3,C
me tenía de lao a lao,4,C
como encomienda de pobre.,5,B
"A cada rato, de chasque",0,A
me hacía dir a gran distancia;,1,B
"ya me mandaba a una estancia,",2,B
"ya al pueblo, ya a la frontera;",3,C
pero él en la comendancia,4,C
no ponía los pies siquiera.,5,B
Es triste a no poder más,0,A
"el hombre en su padecer,",1,B
si no tiene una mujer,2,B
que lo ampare y lo consuele:,3,C
mas pa que otro se la pele,4,C
lo mejor es no tener.,5,B
No me gusta que otro gallo,0,A
le cacaree a mi gallina;,1,B
"yo andaba ya con la espina,",2,B
hasta que en una ocasión,3,C
lo pille junto al jogón,4,C
abrazándome a la china.,5,B
Tenía el viejito una cara,0,A
"de ternero mal lamido,",1,B
y al verle tan atrevido,2,B
le dije: ¡que le aproveche!-,3,C
Que había sido pa el amor,4,C
como gaucho pa la leche.,5,B
Peló la espalda y se vino,0,A
"como a quererme ensartar,",1,B
pero yo sin tutubiar,2,B
le volví al punto a decir:,3,C
"¡cuidado!, No te vas a per-tigo;",4,C
poné cuarta pa salir.,5,B
"Un puntazo me largó,",0,A
"pero el cuerpo le saqué,",1,B
"y en cuanto se lo quité,",2,B
"para no matar un viejo,",3,C
"con cuidado, medio de lejos",4,C
un palazo le asenté.,5,B
Y como nunca al que manda,0,A
"le falta algún adulón,",1,B
uno que en esa ocasión,2,B
"se encontraba allí presente,",3,C
vino apretando los dientes,4,C
como perrito mamón.,5,B
Me hizo un tiro de revuélver,0,A
que el hombre creyó siguro;,1,B
era confiado y le juro,2,B
"que cerquita se arrimaba,",3,C
"pero, siempre en un apuro",4,C
se desentumen mis tabas.,5,B
Él me siguió menudiando,0,A
"mas sin poderme acertar,",1,B
"y yo, dele culebriar,",2,B
hasta que al fin le dentré,3,C
y ahi no más lo despaché,4,C
sin dejarlo resollar.,5,B
Dentré a campiar en seguida,0,A
al viejito enamorao-,1,B
el pobre se había ganao,2,B
en un noque de lejía.,3,C
¡Quién sabe cómo estaría,4,C
del susto que había llevao!,5,B
¡Es zonzo el cristiano macho,0,A
cuando el amor lo domina!,1,B
"Él la miraba a la indina,",2,B
y una cosa tan jedionda,3,C
"sentí yo, que ni en la fonda",4,C
he visto tal jedentina,5,B
Y le dije: pa su agüela,0,A
han de ser esas perdices.,1,B
"Yo me tapé las narices,",2,B
"y me salí esternudando,",3,C
y el viejo quedó olfatiando,4,C
como chico con lumbrices.,5,B
"Cuando la mula recula,",0,A
"señal que quiere cociar,",1,B
ansí se suele portar,2,B
aunque ella lo disimula;,3,C
recula como la mula,4,C
"la mujer, para olvidar.",5,B
Alcé mis ponchos y mis prendas,0,A
y me largué a padecer,1,B
por culpa de una mujer,2,B
que quiso engañar a dos;,3,C
"al rancho le dije adiós,",4,C
para nunca más volver.,5,B
"Las mujeres, dende entonces,",0,A
conocí a todas en una;,1,B
ya no he de probar fortuna,2,B
con carta tan conocida:,3,C
"mujer y perra parida,",4,C
¡no se me acerca ninguna!.,5,B
a otros les brotan las coplas,0,A
como agua de manantial;,1,B
pues a mí me pasa igual;,2,B
"aunque las mías nada valen,",3,C
de la boca se me salen,4,C
como ovejas de corral.,5,B
"Que en puertiando la primera,",0,A
"ya la siguen los demás,",1,B
y en montones las de atrás,2,B
"contra los palos se estrellan,",3,C
y saltan y se atropellan,4,C
sin que se corten jamás.,5,B
Y aunque yo por mi inorancia,0,A
"con gran trabajo me esplico,",1,B
"cuando llego a abrir el pico,",2,B
"tengaló por cosa cierta,",3,C
sale un verso y en la puerta,4,C
ya asoma el otro el hocico.,5,B
Y emprésteme su atención;,0,A
me oirá relatar las penas,1,B
de que traigo la alma llena;,2,B
"porque en toda circustancia,",3,C
paga el gaucho su inorancia,4,C
con la sangre de sus venas.,5,B
Después de aquella desgracia,0,A
me refugié en los pajales;,1,B
anduve entre los cardales,2,B
como bicho sin guarida;,3,C
"pero, amigo, es esa vida",4,C
como vida de animales.,5,B
Y son tantas las miserias,0,A
"en que me he salido ver,",1,B
que con tanto padecer,2,B
"y sufrir tanta aflición,",3,C
malicio que he de tener,4,C
un callo en el corazón.,5,B
Ansí andaba como guacho,0,A
cuando pasa el temporal;,1,B
supe una vez por mi mal,2,B
"de una milonga que había,",3,C
y ya pa la pulpería,4,C
enderecé mi bagual.,5,B
Era la casa del baile,0,A
"un rancho de mala muerte,",1,B
y se enllenó de tal suerte,2,B
que andábamos a empujones:,3,C
nunca faltan encontrones,4,C
cuando un pobre se divierte.,5,B
Yo tenía unas medias botas,0,A
con tamaños verdugones;,1,B
me pusieron los talones,2,B
con crestas como gallos:,3,C
¡si viera mis afliciones,4,C
pensando yo que eran callos!,5,B
Con gato y con fandanguillo,0,A
"había empezado el changango,",1,B
y para ver el fandango,2,B
"me colé haciendomé bola,",3,C
"mas metió el diablo la cola,",4,C
y todo se volvió pango.,5,B
Había sido el guitarrero,0,A
un gaucho duro de boca:,1,B
yo tengo paciencia poca,2,B
pa aguantar cuando no debo;,3,C
"a ninguno me le atrevo,",4,C
pero me halla el que me toca.,5,B
A bailar un pericón,0,A
"con una moza salí,",1,B
y cuanto me vido allí,2,B
sin duda me conoció;,3,C
y estas coplitas cantó,4,C
como por raírse de mí:,5,B
las mujeres son todas,0,A
como las mulas;,1,B
"yo no digo que todas,",2,B
pero hay algunas,3,C
que a las aves que vuelan,4,C
les sacan plumas.,5,B
Hay gauchos que presumen,0,A
de tener damas;,1,B
"no digo que presumen,",2,B
"pero se alaban,",3,C
y a lo mejor los dejan,4,C
tocando tablas.,5,B
"Se secretiaron las hembras,",0,A
y yo ya me encocoré;,1,B
volié la anca y le grité:,2,B
¡dejá de cantar- chicharra!,3,C
Y de un tajo a la guitarra,4,C
tuitas las cuerdas corté.,5,B
Al punto salió de adentro,0,A
un gringo con un jusil;,1,B
"pero nunca he sido vil,",2,B
poco el peligro me espanta;,3,C
yo me refalé la manta,4,C
y la eché sobre el candil.,5,B
Gané en seguida la puerta,0,A
gritando: ¡nadies me ataje!,1,B
"Y alborotado el hembraje,",2,B
"lo que todo quedo escuro,",3,C
empezó a verse en apuro,4,C
mesturao con el gauchaje.,5,B
El primero que salió,0,A
"fue el cantor, y se me vino;",1,B
pero yo no pierdo el tino,2,B
"aunque haiga tomao un trago,",3,C
y hay algunos por mi pago,4,C
que me tienen por ladino.,5,B
No ha de haber achocao otro:,0,A
le salió cara la broma;,1,B
a su amigo cuando toma,2,B
"se le despeja el sentido,",3,C
y el pobrecito había sido,4,C
como carne de paloma.,5,B
Para prestar un socorro,0,A
las mujeres no son lerdas:,1,B
antes que la sangre pierda,2,B
lo arrimaron a unas pipas;,3,C
ahi lo dejé con las tripas,4,C
como pa que hiciera cuerdas.,5,B
Monté y me largué a los campos,0,A
"más libre que el pensamiento,",1,B
como las nubes al viento,2,B
"a vivir sin paradero,",3,C
que no tiene el que es matrero,4,C
"nido, ni rancho, ni asiento.",5,B
No hay juerza contra el destino,0,A
"que le ha señalao el cielo,",1,B
"y aunque no tenga consuelo,",2,B
¡aguante el que está en trabajo!,3,C
"¡Nadies se rasca pa abajo,",4,C
ni se lonjea contra el pelo!,5,B
Con el gaucho desgraciao,0,A
no hay uno que no se entone,1,B
¡la menor falta lo espone,2,B
a andar con los avestruces,3,C
faltan otros con más luces,4,C
y siempre hay quien los perdone.,5,B
Yo no sé qué tantos meses,0,A
esta vida me duró;,1,B
a veces nos obligó,2,B
la miseria a comer potro:,3,C
me había acompañao con otros,4,C
tan desgraciaos como yo,5,B
Mas ¿para qué platicar,0,A
"sobre esos males, canejos?",1,B
"Nace el gaucho y se hace viejo,",2,B
"sin que mejore su suerte,",3,C
hasta que por ahi la muerte,4,C
sale a cobrarle el pellejo.,5,B
Pero como no hay desgracia,0,A
"que no acabe alguna vez,",1,B
me aconteció que después,2,B
"de sufrir tanto rigor,",3,C
"un amigo, por favor,",4,C
me compuso con el juez.,5,B
Le alvertiré que en mi pago,0,A
ya no va quedando un criollo:,1,B
"se los ha tragao el hoyo,",2,B
o juido o muerto en la guerra;,3,C
"porque, amigo, en esta tierra",4,C
nunca se acaba el embrollo.,5,B
Colijo que jué por eso,0,A
"que me llamó el juez un día,",1,B
y me dijo que quería,2,B
"hacerme a su lao venir,",3,C
y que dentrase a servir,4,C
de soldao de polecía.,5,B
Y me largó una proclama,0,A
tratándome de valiente;,1,B
"que yo era un hombre decente,",2,B
y que dende aquel momento,3,C
me nombraba de sargento,4,C
pa que mandara la gente.,5,B
"Ansí estuve en la partida,",0,A
pero ¿qué había de mandar?,1,B
Anoche al irlo a tomar,2,B
"vide güena coyontura,",3,C
y a mí no me gusta andar,4,C
con la lata a la cintura.,5,B
"Ya conoce, pues, quién soy;",0,A
tenga confianza conmigo:,1,B
"Cruz le dio mano de amigo,",2,B
y no lo ha de abandonar;,3,C
juntos podemos buscar,4,C
pa los dos un mesmo abrigo.,5,B
Andaremos de matreros,0,A
si es preciso pa salvar;,1,B
nunca nos ha de faltar,2,B
"ni un güen pingo pa juir,",3,C
"ni un pajal ande dormir,",4,C
ni un matambre que ensartar.,5,B
Y cuando sin trapo alguno,0,A
"nos haiga el tiempo dejao,",1,B
yo le pediré emprestao,2,B
"el cuero a cualquiera lobo,",3,C
"y hago un poncho, si lo sobo,",4,C
mejor que poncho engomao.,5,B
Para mí la cola es pecho,0,A
y el espinazo es cadera,1,B
hago mi nido ande quiera,2,B
y de lo que encuentro como;,3,C
me echo tierra sobre el lomo,4,C
y me apeo en cualquier tranquera.,5,B
"Y dejo rodar la bola,",0,A
que algún día se ha de parar-,1,B
tiene el gaucho que aguantar,2,B
"hasta que lo trague el hoyo,",3,C
o hasta que venga algún criollo,4,C
en esta tierra a mandar.,5,B
Todos se güelven proyetos,0,A
"de colonias y carriles,",1,B
y tirar la plata a miles,2,B
"en los gringos enganchaos,",3,C
mientras al pobre soldao,4,C
"le pelan la cucha- ¡ah, viles!",5,B
Pero si siguen las cosas,0,A
"como van hasta el presente,",1,B
puede ser que redepente,2,B
"veamos el campo disierto,",3,C
y blanquiando solamente,4,C
los güesos de los que han muerto.,5,B
Lo miran al pobre gaucho,0,A
como carne de cogote:,1,B
lo tratan al estricote,2,B
"y si ansí las cosas andan,",3,C
"porque quieren los que mandan,",4,C
aguantemos los azotes.,5,B
"¡Pucha! Si usté los oyera,",0,A
como yo en una ocasión,1,B
tuita la conversación,2,B
que con otro tuvo el juez;,3,C
le asiguro que esa vez,4,C
se me achicó el corazón.,5,B
Hablaban de hacerse ricos,0,A
"con campos en la fronteras,",1,B
"de sacarla más ajuera,",2,B
donde había campos baldidos,3,C
y llevar de los partidos,4,C
gente que la defendiera.,5,B
Hace mucho que sufrimos,0,A
la suerte reculativa,1,B
trabaja el gaucho y no arriba,2,B
"porque a lo mejor del caso,",3,C
lo levantan de un sogazo,4,C
sin dejarle ni saliva.,5,B
De los males que sufrimos,0,A
"hablan mucho los puebleros,",1,B
pero hacen como los teros,2,B
para esconder sus niditos:,3,C
en un lao pegan los gritos,4,C
y en otro tienen los güevos.,5,B
Y se hacen los que no aciertan,0,A
a dar con la coyontura:,1,B
mientras al gaucho lo apura,2,B
"con rigor la autoridá,",3,C
ellos a la enfermedá,4,C
le están errando la cura.,5,B
ya veo que somos los dos,0,A
astillas del mesmo palo:,1,B
yo paso por gaucho malo,2,B
y usté anda del mesmo modo;,3,C
"y yo, pa acabarlo todo,",4,C
a los indios me refalo.,5,B
Pido perdón a mi Dios,0,A
"que tantos bienes me hizo,",1,B
pero dende que es preciso,2,B
"que viva entre los infeles,",3,C
yo seré cruel con los crueles:,4,C
ansí mi suerte lo quiso.,5,B
"Dios formó lindas las flores,",0,A
delicadas como son;,1,B
le dio toda perfeción,2,B
"y cuanto él era capaz,",3,C
pero al hombre le dio más,4,C
cuando le dio el corazón.,5,B
"Le dio claridá a la luz,",0,A
"juerza en su carrera al viento,",1,B
le dio vida y movimiento,2,B
dende la águila al gusano;,3,C
pero más le dio al cristiano,4,C
al darle el entendimiento.,5,B
"Y aunque a las aves les dio,",0,A
"con otras cosas que inoro,",1,B
esos piquitos como oro,2,B
y un plumaje como tabla,3,C
le dio al hombre más tesoro,4,C
al darle una lengua que habla.,5,B
Y dende que dio a las fieras,0,A
"esa juria tan inmensa,",1,B
que no hay poder que las venza,2,B
"ni nada que las asombre,",3,C
¿qué menos le daría al hombre,4,C
que el valor pa su defensa?,5,B
Pero tantos bienes juntos,0,A
"al darle, malicio yo",1,B
que en sus adentros pensó,2,B
que el hombre los precisaba,3,C
que los bienes igualaba,4,C
con las penas que le dio.,5,B
Y yo empujao por las mías,0,A
quiero salir de este infierno:,1,B
ya no soy pichón muy tierno,2,B
"y sé manejar la lanza,",3,C
y hasta los indios no alcanza,4,C
la facultá de gobierno,5,B
yo sé que allá los caciques,0,A
"amparan a los cristianos,",1,B
y que los tratan de,2,B
cuando se van por su gusto.,3,C
¡A qué andar pasando sustos-!,4,C
Alcemos el poncho y vamos.,5,B
"En la cruzada hay peligros,",0,A
pero ni aun esto me aterra:,1,B
yo ruedo sobre la tierra,2,B
arrastrao por mi destino;,3,C
y si erramos el camino-,4,C
no es el primero que lo erra.,5,B
"Si hemos de salvar o no,",0,A
de esto naides nos responde;,1,B
derecho ande el sol se esconde,2,B
tierra adentro hay que tirar;,3,C
algún día hemos de llegar-,4,C
después sabremos a dónde.,5,B
No hemos de perder el rumbo:,0,A
los dos somos güena yunta.,1,B
El que es gaucho ve ande apunta,2,B
aunque inora ande se encuentra;,3,C
pa el lao en que el sol se dentra,4,C
dueblan los pastos la punta.,5,B
"De hambre no pereceremos,",0,A
"pues, sigún otros me han dicho,",1,B
en los campos se hallan bichos,2,B
de los que uno necesita-,3,C
"gamas, matacos, mulitas",4,C
avestruces y quirquinchos.,5,B
Cuando se anda en el desierto,0,A
se come uno hasta las colas;,1,B
lo han cruzao mujeres solas,2,B
"llegando al fin con salú,",3,C
y ha de ser gaucho el ñandú,4,C
que se escape de mis bolas.,5,B
Tampoco a la sé le temo;,0,A
yo la aguanto muy contento;,1,B
busco agua olfatiando el viento,2,B
"y, dende que no soy manco,",3,C
ande hay duraznillo blanco,4,C
"cavo, y la saco al momento.",5,B
Allá habrá siguridá,0,A
ya que aquí no la tenemos;,1,B
menos males pasaremos,2,B
y ha de haber grande alegría,3,C
el día que nos descolguemos,4,C
en alguna toldería.,5,B
"Fabricaremos un toldo,",0,A
"como lo hacen tantos otros,",1,B
"con unos cueros de potro,",2,B
que sea sala y sea cocina.,3,C
¡Tal vez no falte una china,4,C
que se apiade de nosotros!,5,B
"Allá no hay que trabajar,",0,A
vive uno como un señor;,1,B
"de cuando en cuando un malón,",2,B
"y si de él sale con vida,",3,C
lo pasa echao panza arriba,4,C
mirando dar güelta el sol,5,B
Y ya que a juerza de golpes,0,A
la suerte nos dejó aflús,1,B
puede que allá veamos luz,2,B
y se acaben nuestras penas:,3,C
todas las tierras son güenas;,4,C
"vamonós, amigo Cruz.",5,B
"El que maneja las bolas,",0,A
el que sabe echar un pial,1,B
y sentársele a un bagual,2,B
"sin miedo de que lo baje,",3,C
entre los mesmos salvajes,4,C
no puede pasarlo mal.,5,B
El amor como la guerra,0,A
lo hace el criollo con canciones;,1,B
a más de eso en los malones,2,B
podemos aviarnos de algo;,3,C
"en fin amigo, yo salgo",4,C
de estas pelegrinaciones.,5,B
En este punto el cantor,0,A
"buscó un porrón pa consuelo,",1,B
"echó un trago como un cielo,",2,B
dando fin a su argumento;,3,C
y de un golpe el instrumento,4,C
lo hizo astillas contra el suelo.,5,B
"Ruempo, dijo, la guitarra,",0,A
pa no volverme a tentar;,1,B
"ninguno la ha de tocar,",2,B
por siguro tengaló;,3,C
pues naides ha de cantar,4,C
cuando este gaucho cantó.,5,B
Y daré fin a mis coplas,0,A
con aire de relación;,1,B
nunca falta un preguntón,2,B
"más curioso que mujer,",3,C
y tal vez quiera saber,4,C
como jué la conclusión.,5,B
Cruz y Fierro de una estancia,0,A
una tropilla se arriaron;,1,B
por delante se la echaron,2,B
"como criollos entendidos,",3,C
y pronto sin ser sentidos,4,C
por la frontera cruzaron.,5,B
"Y cuando la habían pasao,",0,A
una madrugada clara,1,B
le dijo Cruz que mirara,2,B
"las últimas poblaciones,",3,C
y a Fierro dos lagrimones,4,C
le rodaron por la cara.,5,B
Y siguiendo el fiel del rumbo,0,A
"se entraron en el desierto,",1,B
no sé si los habrán muerto,2,B
"en alguna correría,",3,C
pero espero que algún día,4,C
sabré de ellos algo cierto.,5,B
Y ya con estas noticias,0,A
mi relación acabé;,1,B
"por ser ciertas las conté,",2,B
todas la desgracias dichas:,3,C
es un telar de desdichas,4,C
cada gaucho que usté ve.,5,B
Pero ponga su esperanza,0,A
en el Dios que lo formó;,1,B
y aquí me despido yo,2,B
que he relatao a mi modo,3,C
"MALES QUE CONOCEN TODOS,",4,C
PERO QUE NAIDES CONTÓ.,5,B